id,title,url,source_name,source_type,country,published_at,fetched_at,primary_category,categories,score,matched_keywords,deadline_at,summary
160,ミャンマー国籍の方の在留資格認定証明書の有効期間の延長について,https://www.moj.go.jp/isa/10_00229.html,出入国在留管理庁,page,,,2026-07-17T05:07:34.038160+00:00,ニュース（外国人・ビザ）,ニュース（外国人・ビザ）,4,在留資格,,Source page: https://www.moj.go.jp/isa/ / ミャンマー国籍の方の在留資格認定証明書の有効期間の延長について | 出入国在留管理庁 このページではJavaScriptを使用しています。
159,入国前結核スクリーニングについて,https://www.moj.go.jp/isa/10_00219.html,出入国在留管理庁,page,,,2026-07-17T05:07:34.038140+00:00,ニュース（外国人・ビザ）,ニュース（日本語教育）;ニュース（外国人・ビザ）;その他,11,留学生;在留資格;特定技能,,Source page: https://www.moj.go.jp/isa/ / ※２ ＪＥＴプログラム参加者、ＪＩＣＡ研修員（長期・短期）、ＪＩＣＡ人材育成奨学計画（ＪＤＳ）留学生、大使館推薦による国費留学生、外国人留学生の教育訓練の受託事業、当該国とのＥＰＡに基づく看護師・介護福祉士、特定技能外国人、特定活動告示第５５号（特定自動車運送業準備）、家事支援外 / 提出書類 入国前結核スクリーニングの対象となる方については、在留資格認定証明書交付申請の際に「結核非発病証明書」（写し及びスキャンデータを含む。 / （参考） 入国前結核スクリーニングの実施に関するガイドライン（令和７年３月３１日）…
158,在留資格「経営・管理」に係る上陸基準省令等の改正について,https://www.moj.go.jp/isa/applications/resources/10_00237.html,出入国在留管理庁,page,,,2026-07-17T05:07:34.038119+00:00,ニュース（外国人・ビザ）,ニュース（外国人・ビザ）,4,在留資格,,Source page: https://www.moj.go.jp/isa/ / 申請に関する取扱い １ 事業内容について 業務委託を行うなどして経営者としての活動実態が十分に認められない場合は、在留資格「経営・管理」に該当する活動を行うとは認められないものとして取り扱います。 / 法別表第一の在留資格をもって在留する外国人は対象になりません。 / （注１）ここで言う「常勤職員」の対象には、法別表第一の在留資格をもって在留する外国人も含まれます。
201,在留許可手数料の減額対象者のガイドライン（案）に関するパブリックコメントの実施について,https://www.moj.go.jp/isa/05_00055.html,出入国在留管理庁,page,,,2026-07-17T05:07:34.038093+00:00,ニュース（外国人・ビザ）,ニュース（外国人・ビザ）,4,在留資格,,Source page: https://www.moj.go.jp/isa/ / 在留許可手数料の減額対象者のガイドライン（案）について 在留資格の変更又は在留期間の更新の許可に係る手数料の減額対象者のガイドライン（案） 出入国管理及び難民認定法（昭和２６年政令第３１９号。 / 一 生活保護法（昭和二十五年法律第百四十四号）第六条第二項に規定する要保護者に準ずる程度に生活に困窮していると認められる者で、難民の認定又は補完的保護対象者の認定を受けている者その他の人道上の配慮をする必要があるもの 二 外交又は公用の在留資格への変更を受ける者 三 公用の在留資 / 本ガイドラインは、入管法施行令第２…
200,入管法施行令等の改正に関するパブリック・コメントの実施について,https://www.moj.go.jp/isa/applications/resources/10_00001.html,出入国在留管理庁,page,,,2026-07-17T05:07:34.038071+00:00,ニュース（外国人・ビザ）,ニュース（外国人・ビザ）,4,在留資格,,"Source page: https://www.moj.go.jp/isa/ / 答 在留資格の変更の許可又は在留期間の更新の許可を受ける方であって、３月を超える在留期間が決定される方が減額の対象者である場合には、その方に実際に納付していただく在留許可手数料を１万円まで減額することができることとしています。 / 許可 許可期間 申請方法 改定後の手数料 在留資格の変更の許可 在留期間の更新の許可 ３月以下 窓口 １０,０００円 オンライン ３月超６月以下 窓口 １８,０００円 オンライン １５,０００円 ６月超１年未満 窓口 ２５,０００円 オンライン ２１,０００円 １年 窓口 ３３, / …"
173,岐阜県外国人介護人材日本語学習支援事業費補助金,https://www.pref.gifu.lg.jp/page/131091.html,岐阜県 介護人材日本語補助金,page,,2026-04-01T00:00:00+00:00,2026-07-17T05:07:34.038052+00:00,公募・補助金・プロポーザル,公募・補助金・プロポーザル;ニュース（日本語教育）;ニュース（外国人・ビザ）;その他,22,補助金;補助;外国人介護人材;介護人材;特定技能;技能実習,2026-11-13,Source page: https://www.pref.gifu.lg.jp/page/131091.html / 1.事業概要 介護職種の外国人技能実習生又は介護分野における特定技能外国人（以下、「外国人介護人材」という。 / 4.補助対象経費 介護事業者が負担する外国人介護人材の日本語学習にかかる経費 ※詳細は「岐阜県外国人介護人材日本語学習支援事業費補助金交付要綱」をご確認ください。 / ※交付決定後に実施した事業、かつ支払ったものが補助対象となります。 / 定額が確認できる資料 等） ＜申請受付期間＞ 令和8年4月1日（水曜日）から令和8年11月13日（金曜日） ※予算額の上限に達し次第、募集を終了します。 ＜申請期限＞ 補助事業開始日の属する月の前月15日（15日が土日祝日等
177,令和８年度福岡県外国人介護人材確保強化事業費補助金,https://www.pref.fukuoka.lg.jp/contents/kakuhokyoka.html,福岡県 外国人介護補助金,page,,2026-07-14T00:00:00+00:00,2026-07-17T05:07:34.038027+00:00,公募・補助金・プロポーザル,公募・補助金・プロポーザル;ニュース（日本語教育）;その他,15,補助金;補助;外国人介護人材;介護人材,,Source page: https://www.pref.fukuoka.lg.jp/contents/kakuhokyoka.html / 5 補助対象経費 法人グループが行う、以下の事業とする。 / 採択に当たっては、高齢者地域包括ケア推進課において、応募要件に該当する旨を確認した後、「事業者選定委員会」が福岡県外国人介護人材確保強化事業費補助金事業者選定要領の審査基準に基づき、申請書等の審査を行い、選定する。 / ただし、（３）及び（４）の事業は必須とする。
170,令和7年度外国人材受入加速化支援事業に係る受託事業者の募集について,https://www.pref.osaka.lg.jp/hodo/fumin/o110010/prs_51017.html,大阪府 外国人材受入事業,page,,2026-03-31T00:00:00+00:00,2026-07-17T05:07:34.038003+00:00,公募・補助金・プロポーザル,公募・補助金・プロポーザル;ニュース（日本語教育）;ニュース（外国人・ビザ）;その他,14,公募;委託;留学生;外国人材,2026-03-31,"Source page: https://www.pref.osaka.lg.jp/hodo/fumin/o110010/prs_51017.html / 2.事業の趣旨・目的 大阪での就職を希望する外国人留学生や海外在住の外国人材、加えて、万博を契機として大阪に中長期滞在する外国人材を対象に、オンラインマッチングシステム等を活用して府内企業との就職マッチングの機会を提供するとともに、府内企業の採用者へのフォローアップを実施すること / 1.委託業務名 令和7年度外国人材受入加速化支援事業 / 本事業は、民間事業者の知識やノウハウ等を活用して効果的・効率的に実施するため、企画提案公募により受託事業者を募集します。 / 4.委託上限額 76,676,000円（税込） 5.履行期間 契約締結日から令和8年3月31日（月曜日）まで 6.スケジュール 令和7年2月18日（火曜日） 公募開始 令和7年2月25日（火曜日） 説明会開催 令和7年3月 "
168,令和８年度かながわ外国人材活用支援ステーション連携先事業者,https://www.kipc.or.jp/topics/information/kanastentry2026/,神奈川 外国人材活用支援,page,,,2026-07-17T05:07:34.037981+00:00,ニュース（外国人・ビザ）,ニュース（外国人・ビザ）;その他,3,外国人材,2026-03-27,Source page: https://www.kipc.or.jp/business-support/productivity/foreign-talent/ / 募集期間 2026年3月17日(火)～3月27日(金)17:00まで 募集終了 申込方法 かながわ外国人材活用支援ステーション連携先事業者登録要領 を確認の上、以下の申込書類をメールにて送付ください。 / 連携先事業者の役割 かながわ外国人材活用支援ステーション連携先事業者登録要領第2条によります。 / 申込書類 1 登録申込書（第1号様式） 2 登録要件確認書（第2号様式） 3 有料職業紹介事業許可証の写し 4 法人登記簿謄本の写し 5 人材紹介における手数料の額等がわかるもの（手数料表等） 6 会社概要や事業… / 。 また、必要に応じてヒアリングを行います。 募集期間 2026年3月17日(火)～3月27日(金)17:00まで 募集終了 申込方法 かながわ外国人材活用支援ステーション連携先事業者登録要領 を確認の上、以下の申込書類をメ
167,神奈川県高度外国人材受入支援補助金,https://www.pref.kanagawa.jp/docs/z4r/jinkaku_subsidy.html,神奈川 外国人材活用支援,page,,,2026-07-17T05:07:34.037960+00:00,公募・補助金・プロポーザル,公募・補助金・プロポーザル;ニュース（外国人・ビザ）;その他,19,公募;補助金;補助;外国人材;在留資格,2027-02-12,Source page: https://www.kipc.or.jp/business-support/productivity/foreign-talent/ / 本補助金は、在留資格認定の状況などにより、交付を受けられない場合があります。 / （チラシ）高度外国人材の受入れに関する補助金を利用していますか（PDF：433KB） 【モデルケース】（PDF：147KB） 申請する方の想定されるスケジュールです。 / 神奈川県高度外国人材受入支援補助金 神奈川県高度外国人材受入支援補助金のページです 1 神奈川県高度外国人材受入支援補助金とは 中小企業の高度外国人材(技術・人文知識・国際業務又は高度専門職)の採用手続きに係る初期経費に対する補助金です。 / るか判定の参考としてください。 2 公募期間 令和8年4月1日（水曜日）から令和9年2月12日（金曜日）まで （注記）申請は先着順で受け付け、予算額に達した時点で受付を終了します。 3 要綱・手引き 1 要綱（PDF：437
166,KIP高度外国人材インターンシップ受入奨励金,https://www.kipc.or.jp/topics/information/r8internshipsubsidy/,神奈川 外国人材活用支援,page,,,2026-07-17T05:07:34.037936+00:00,ニュース（外国人・ビザ）,ニュース（外国人・ビザ）;その他,3,外国人材,,Source page: https://www.kipc.or.jp/business-support/productivity/foreign-talent/ / 令和8年度 KIP高度外国人材インターンシップ受入奨励金チラシ 概要 名称 KIP高度外国人材インターンシップ受入奨励金 要綱 KIP高度外国人材インターンシップ受入奨励金交付要綱 対象事業 【対象企業】 県内に本社または事業所を有する中小企業者 であること 【対象となるインター / 【提出先】 公益財団法人神奈川産業振興センター 経営支援部国際課 かながわ外国人材活用支援ステーション kana-st@kipc.or.jp お問い合わせ 担当 ：国際課・かながわ外国人材活用支援ステーション TEL ：045-63…
154,令和8年度「グローバル人材育成の基盤形成事業（異文化理解ステップアップ事業）」の公募について,https://www.mext.go.jp/b_menu/boshu/detail/mext_00508.html,文部科学省 公募情報,page,,2026-02-16T00:00:00+00:00,2026-07-17T05:07:34.037909+00:00,公募・補助金・プロポーザル,公募・補助金・プロポーザル;その他,4,公募,2026-03-09,Source page: https://www.mext.go.jp/b_menu/boshu/index.htm / 2．採択までのスケジュール（予定） 公募開始 令和8年2月16日（月曜日） 提出期限 令和8年3月9日（月曜日）午前10時 採択先の決定（予定） 令和8年3月下旬 ※審査の状況などにより変更する場合がある。 / 3．公募要領 詳細については、下記の公募要領等を御覧ください。 / 1．事業の趣旨 「グローバル人材育成の基盤形成事業（異文化理解ステップアップ事業）」は、海外で日本語を専攻している外国人高校生を4～6週間程度、我が国に招致して、一般家庭でのホームステイや高等学校への体験入学等の活動を通じ、日本の社会や文… / でのスケジュール（予定） 公募開始 令和8年2月16日（月曜日） 提出期限 令和8年3月9日（月曜日）午前10時 採択先の決定（予定） 令和8年3月下旬 ※審査の状況などにより変更する場合がある。 3．公募要領 詳細について
153,令和９年度マレーシア政府派遣留学生予備教育派遣教員の募集（退職教員対象）について,https://www.mext.go.jp/b_menu/boshu/detail/mext_00535.html,文部科学省 公募情報,page,,2026-06-03T00:00:00+00:00,2026-07-17T05:07:34.037876+00:00,公募・補助金・プロポーザル,公募・補助金・プロポーザル;ニュース（日本語教育）,7,公募;留学生,2026-07-24,Source page: https://www.mext.go.jp/b_menu/boshu/index.htm / この度、令和9年度の派遣教員について、高等学校等の教員として勤務し、退職をした方を対象として、以下のとおり募集を行います。 / 2 募集する教科及び採用予定人数 数学、物理、化学のいずれかを担当する者（各教科若干名） 3 応募要件 以下の要件全てを満たす者を対象とします。 / 【提出用フォーム】 令和9年度マレーシア派遣教員応募書類提出（公募） 【提出期限】 令和8年7月24日（金曜日）17時00分（厳守） なお、データでの御提出が出来ない場合は、応募書類一式を（3）の「応募書類提出先」まで御提出ください。
183,THÔNG TIN CHO NGƯỜI LAO ĐỘNG ĐI LÀM VIỆC TẠI THỊ TRƯỜNG NHẬT BẢN,https://vieclamngoainuoc.dolab.gov.vn/loai-hinh/SSW,ベトナム DOLAB-JICA 特定技能情報,overseas_official,ベトナム,,2026-07-17T05:07:34.037827+00:00,ニュース（外国人・ビザ）,ニュース（日本語教育）;ニュース（外国人・ビザ）;その他,21,EPA;Nhật Bản;lao động;介護人材;特定技能;技能実習;JFT-Basic,,日本語概要: 日本の特定技能制度に関するベトナム側の案内です。技能実習プログラムにも触れています。EPAの看護・介護人材に関係します。日本語要件や JFT-Basic/JLPT に関係します。送り出し事業者・費用負担に関する注意事項が含まれます。 / 原文抜粋: THÔNG TIN CHO NGƯỜI LAO ĐỘNG ĐI LÀM VIỆC TẠI THỊ TRƯỜNG NHẬT BẢN THÔNG TIN CHO NGƯỜI LAO … / Source page: https://vieclamngoainuoc.dolab.gov.vn/loai-hinh/SSW
233,"Kiều hối rời Nhật Bản lập kỷ lục, Việt Nam là điểm đến hàng đầu",https://news.google.com/rss/articles/CBMitAFBVV95cUxOY3RGRUpnZ2tqRDNMdmFFMF9GNzgySWZVN093MW5VcmwtTUNOY0xpUnVhX1NlRlZOVndzSGNNcUhqV25OS1dxSk5pYnpUa2lyNHhoaS1xZTFvUGxkLXdHdko5ZWdBNzl6VmRYS0FBSEkzbGZVdzBlZElvbmM3a2tnMG9rcDlZNGdkS1hydkp2NGFaOFgwVE93eHlsOXBGNTJ3VEtUMTlhSlhacU5qWVZwSDlSb3g?oc=5,Google News: Vietnam: Japan workers,google_news,ベトナム,2026-07-15T01:59:00+00:00,2026-07-17T05:07:34.037416+00:00,ニュース（外国人・ビザ）,ニュース（外国人・ビザ）;その他,4,外国人材;Nhật Bản,,"日本語概要: ベトナム発の日本就労・外国人材関連情報です。 / 原文抜粋: Kiều hối rời Nhật Bản lập kỷ lục, Việt Nam là điểm đến hàng đầu Kiều hối rời Nhật Bản lập…"
237,"Japan Working Visa Permit: Requirements, Process & Eligibility - Y-Axis Overseas Careers",https://news.google.com/rss/articles/CBMiUEFVX3lxTE1KWExrcWwzVDhrM0dicDhVQ2RPVGM0S3VXRElVYThSZEg3aE9FOEtIMW0tazVLeklUVFFOVkpfaFo2ZmIzRF8tZWNkaHNRMmtv?oc=5,Google News: Philippines: Japan work,google_news,フィリピン,2026-07-16T10:44:25+00:00,2026-07-17T05:07:34.037391+00:00,ニュース（外国人・ビザ）,ニュース（外国人・ビザ）;その他,3,外国人材,,"日本語概要: フィリピン発の日本就労・外国人材関連情報です。 / 原文抜粋: Japan Working Visa Permit: Requirements, Process & Eligibility - Y-Axis Overseas Careers …"
224,ベトナム人に生活講座　横浜市国際交流協会が伊勢佐木町のレストランで〈横浜市中区・横浜市西区・横浜市南区〉,https://news.google.com/rss/articles/CBMie0FVX3lxTE9fd1N0MzRhZlhEeTgyZ3JYZ2pSMmZpRFNvbkZCOXNnTnBzRG5TdUJkQTVNSnhWSkpBdlZqUU5hU1VqVVJJY090clFWUkR2RlR0aTE3RXRXcDljUzV1OEV1aHhmME9lcjNfTllta3g0blcyRUlEcGJUZlBpONIBgAFBVV95cUxNdWVoRm5KOXBZZFI0VjlzZDhoMWk0Z2I3QUx1ZncyTXZjTXNUVW83ZUYyQ05nRGh4WW1MTGdlejlPcE9PQUFwY0xhdXloTkFrbnN1S0hfY19pbEEwVGdCYXRfWmV1SGY3SGtKc09OZ2NMM0RxNEtYWjdNcGdPcEFEZw?oc=5,Google News: 国際交流協会 日本語教室 委託,google_news,,2026-07-12T23:00:00+00:00,2026-07-17T05:07:34.037365+00:00,その他,その他,4,国際交流協会,,ベトナム人に生活講座 横浜市国際交流協会が伊勢佐木町のレストランで〈横浜市中区・横浜市西区・横浜市南区〉 ｄメニューニュース
232,災害時の外国人支援学ぶ 自治体職員 翻訳アプリでやり取り 和歌山 ／和歌山,https://news.google.com/rss/articles/CBMiaEFVX3lxTFBTVWdJV3lNb0p3akNkX2tHWnUzbVFfVmtXeWdmYmtWclZSbUpzdGU4bVg5WVF1VFlPTW5scjJyTjRueVVxTnd3aVBLcUVwaHViRk9fa0VBUkl5WFJrc0VXVkR4czFiZHIt?oc=5,Google News: 外国人材 補助金 自治体,google_news,,2026-07-14T20:04:16+00:00,2026-07-17T05:07:34.037341+00:00,その他,その他,3,自治体,,災害時の外国人支援学ぶ 自治体職員 翻訳アプリでやり取り 和歌山 ／和歌山 毎日新聞
236,高度外国人材採用・インターンシップ支援のご案内（神奈川県・ＫＩＰ）,https://news.google.com/rss/articles/CBMiWEFVX3lxTE41V3dPUHJIcU8wdl9NT3VGS2g5YklMb1hEUGRSejBpTnAtRjVSVVktQzVlRkM3V2F4Sjc1TFVXS0xfd3Jtb3FaVkVqWjRhVEdBUTUtQ2x1UVI?oc=5,Google News: 神奈川県 外国人材 補助金 公募,google_news,,2026-07-16T05:30:25+00:00,2026-07-17T05:07:34.037314+00:00,ニュース（外国人・ビザ）,ニュース（外国人・ビザ）;その他,3,外国人材,,高度外国人材採用・インターンシップ支援のご案内（神奈川県・ＫＩＰ） 藤沢商工会議所
209,高知県内初、育成就労外国人施設開業へ 旧夜須保育所を民間貸し出し ベトナムやインド出身者らを最大１００人受け入れ 香南市で２０２７年春,https://news.google.com/rss/articles/CBMiX0FVX3lxTE81NGcyREZVQ1oxeDVpVlJvX2hNeks2ODM1VUtIcDhEZ2V1MXhXcUIwTTRCcjgtY2JJbWJUdXdDXzFuRlU5OVJQOXdkNFdrZVJUeTVDVEpwTGVITzFqOWRF?oc=5,Google News: 育成就労 日本語,google_news,,2026-07-06T23:39:00+00:00,2026-07-17T05:07:34.037271+00:00,ニュース（外国人・ビザ）,ニュース（外国人・ビザ）,4,育成就労,,高知県内初、育成就労外国人施設開業へ 旧夜須保育所を民間貸し出し ベトナムやインド出身者らを最大１００人受け入れ 香南市で２０２７年春 kochinews.co.jp
208,外国人 100時間日本語講座 川崎市川崎区、来月から 育成就労施行見据え,https://news.google.com/rss/articles/CBMibEFVX3lxTE8waE1fY0lxQ2puSTRrN3FEaS1BWHVQRVBnVzhZd1NLWFZDNEZmak9Qb0h1bjdLR0xra2JmSlhvQ2dzWkQwSEs1TDN5YV9oTFNrWm5Hd1RPb2diVHBfZzdUTzZISjN3SjZFVDF5cw?oc=5,Google News: 育成就労 日本語,google_news,,2026-07-07T17:00:00+00:00,2026-07-17T05:07:34.037252+00:00,ニュース（外国人・ビザ）,ニュース（外国人・ビザ）,4,育成就労,,外国人 100時間日本語講座 川崎市川崎区、来月から 育成就労施行見据え 日本経済新聞
207,【追加開催】前回満席につき第2回開催決定 育成就労制度で大きく変わる「日本語教育」無料説明会,https://news.google.com/rss/articles/CBMiakFVX3lxTE9aNTI4X1d2NTVUcTBUa1otVzgtQllEZU1rVW5ESERnZ1BJVl9OeUtiT0dxMmV1cWs2MmZDYmJIdzY0ZFB0Y3M1QmlJcmhJMmZNb3lxX2N1VGd0WThBUG1uYnRPWm9scXNyNFE?oc=5,Google News: 育成就労 日本語,google_news,,2026-07-09T02:15:27+00:00,2026-07-17T05:07:34.037231+00:00,ニュース（外国人・ビザ）,ニュース（日本語教育）;ニュース（外国人・ビザ）,8,日本語教育;育成就労,,【追加開催】前回満席につき第2回開催決定 育成就労制度で大きく変わる「日本語教育」無料説明会 ニコニコニュース
223,育成就労制度導入で変わる日本語教育、AI活用による低コスト高品質の実現,https://news.google.com/rss/articles/CBMiRkFVX3lxTE83aVJrMHJLZXdmUmlsQ2szS3RRQ1JEeXQyMzMzOTRMaG96dWU5UHc5UHdQWWowRkxoSVRtWlJ4Y3ltZDJmVWc?oc=5,Google News: 育成就労 日本語,google_news,,2026-07-13T00:54:02+00:00,2026-07-17T05:07:34.037209+00:00,ニュース（外国人・ビザ）,ニュース（日本語教育）;ニュース（外国人・ビザ）,8,日本語教育;育成就労,,育成就労制度導入で変わる日本語教育、AI活用による低コスト高品質の実現 ニュースメディアVOIX
217,2027年4月「育成就労制度」スタートに伴う日本語教育の義務化へ対応、AIを活用した指導マニュアルで「低コスト×高品質」を実現,https://news.google.com/rss/articles/CBMiakFVX3lxTE9YQXNqdzBqNU9DRVdjZXBOUGtrNEpNZkZZSWFKWDh6YUduUjR6cVFRRjVuUlp0aWpSZFY4Yy1NdEw2TWpGNzBxV0VYQkViNlNWWGRqVUgtbjItcTNqdWJVY1V1RUlUMnNFWHc?oc=5,Google News: 育成就労 日本語,google_news,,2026-07-12T01:45:00+00:00,2026-07-17T05:07:34.037183+00:00,ニュース（外国人・ビザ）,ニュース（日本語教育）;ニュース（外国人・ビザ）,8,日本語教育;育成就労,,2027年4月「育成就労制度」スタートに伴う日本語教育の義務化へ対応、AIを活用した指導マニュアルで「低コスト×高品質」を実現 Excite エキサイト
211,育成就労外国人の受入れにはJAIM入会が必須に｜工業製品製造業分野の対応ポイント,https://news.google.com/rss/articles/CBMiVEFVX3lxTE5VX0RidlVHRm5PRm0xXzlVX2ZfanZCZHpXWGhPN05PcVpoN1RsRmtIWm1Ld2FDTlJlaXJac3RjXzU0a0N2bHpzdDdaTTNTVkNPVkYwSw?oc=5,Google News: 育成就労 日本語,google_news,,2026-07-09T05:18:10+00:00,2026-07-17T05:07:34.037157+00:00,ニュース（外国人・ビザ）,ニュース（外国人・ビザ）;その他,4,育成就労,,育成就労外国人の受入れにはJAIM入会が必須に｜工業製品製造業分野の対応ポイント エヌ・ビー・シー協同組合
235,育成就労協議会に加入義務 失踪対策、処遇改善に実効性,https://news.google.com/rss/articles/CBMigAFBVV95cUxPbGJ4aTNtS0dCY1lrOE1ENTFnWkM3aGp4U1ZNanY5aDRQWU9VWEh5WGFRRXZLMWlGdjlUYjRkeDBZdVNBT1ZGNG5pcjFnekl3RDNFeGgwUllUYkRxQllKSFdDQTh5WEEyQnJNVHFtcG1aZms0VjJ0bkVTanZJdElxMg?oc=5,Google News: 育成就労 日本語,google_news,,2026-07-16T04:13:19+00:00,2026-07-17T05:07:34.037134+00:00,ニュース（外国人・ビザ）,ニュース（外国人・ビザ）,4,育成就労,,育成就労協議会に加入義務 失踪対策、処遇改善に実効性 建通新聞
206,川崎市川崎区、外国人に100時間の日本語教育 育成就労の施行見据え,https://news.google.com/rss/articles/CBMibEFVX3lxTE15aGtGMVRpdmVfa25FVUlyVEtiVFNsNUlJOG4xU1UwTmFPOVlOQ0QwSEJlMlN1WFNyMTd4eWR5Y3JYOFNMbWd1MXptOHktdkhXZElNYjUySDZoRGwtRVhuZXllRGtOOEZQRVIxSA?oc=5,Google News: 育成就労 日本語,google_news,,2026-07-07T07:00:00+00:00,2026-07-17T05:07:34.037109+00:00,ニュース（外国人・ビザ）,ニュース（日本語教育）;ニュース（外国人・ビザ）,8,日本語教育;育成就労,,川崎市川崎区、外国人に100時間の日本語教育 育成就労の施行見据え 日本経済新聞
220,特定技能ドライバー／日本語eラーニング「ジャパニー」で技能評価試験の対策が可能に,https://news.google.com/rss/articles/CBMiVEFVX3lxTFBqWmsyc1pZSzRFcWtfdmxTcHVGcG5ZMHZmUlRBRW1vRXhtZ2tkdWc2ZDM5OGczUWpVNzhXd2dJbEdSTjgza3N2cjFlbWRjdGRqdHBaZA?oc=5,Google News: 特定技能 日本語教育 支援,google_news,,2026-07-13T04:51:00+00:00,2026-07-17T05:07:34.037083+00:00,ニュース（外国人・ビザ）,ニュース（外国人・ビザ）,4,特定技能,,特定技能ドライバー／日本語eラーニング「ジャパニー」で技能評価試験の対策が可能に トラックニュース
213,専門学校で学ぶ留学生が初の10万人超え、キャリア支援まで見据えた受け入れが重要に,https://news.google.com/rss/articles/CBMicEFVX3lxTE9NZ0oyaGhmY1A3RjRSei0zRmVTOXI1cDBQOTl0ZTk5dDlCMHNXcThINldVb25wRVd2eUcyWUhQSW5adnJBZW1uMmhrLXFXUFlzVlc2ZFUtbUFoOGx6X2hmbEFiTGlWQnUtZWo2WVdwNnQ?oc=5,Google News: 認定日本語教育機関 留学生,google_news,,2026-07-09T00:36:55+00:00,2026-07-17T05:07:34.037062+00:00,ニュース（日本語教育）,ニュース（日本語教育）;その他,3,留学生,,専門学校で学ぶ留学生が初の10万人超え、キャリア支援まで見据えた受け入れが重要に Between情報サイト
234,日本語教育機関を対象とした大学・入試説明会を実施しました - teikyo-u.ac.jp,https://news.google.com/rss/articles/CBMiWEFVX3lxTE5sQ0szYlRtUklkR0dPMkdRVjJid21wUTBmVzJxTnJMNF95dDdhcmVQMWRUTVRFQjVnVUJHakM1dVV1NS1BMHNJNnVWQmVkcHFscDY4RmpIcjQ?oc=5,Google News: 認定日本語教育機関 補助金,google_news,,2026-07-16T00:42:31+00:00,2026-07-17T05:07:34.037040+00:00,ニュース（日本語教育）,ニュース（日本語教育）;その他,4,日本語教育,,日本語教育機関を対象とした大学・入試説明会を実施しました teikyo-u.ac.jp
227,文部科学省委託「子どものための日本語教育研修」応募受付開始 ～外国人児童生徒..（認定NPO法人メタノイア プレスリリース）,https://news.google.com/rss/articles/CBMiVEFVX3lxTE5qMk5BTEYxdnhKa1loX3lXMjV5bE9VTXhKMTc4c1JGZkxHMXBzb040eDY4dU40MVYxOEhwTDM0LVpLMm1UUmE5ZENxbUQtUGsyNnUxcA?oc=5,Google News: 日本語教育 委託事業,google_news,,2026-07-13T20:02:24+00:00,2026-07-17T05:07:34.037012+00:00,ニュース（日本語教育）,公募・補助金・プロポーザル;ニュース（日本語教育）,8,委託;日本語教育,,文部科学省委託「子どものための日本語教育研修」応募受付開始 ～外国人児童生徒..（認定NPO法人メタノイア プレスリリース） 財経新聞
219,【川崎区役所主催】就労分野の認定日本語教育機関による実証事業「就労者のための日本語講座」を実施します,https://news.google.com/rss/articles/CBMiakFVX3lxTFBTV2Rwc242YWxTS1NUYVQtdC1vcV9UQTlyM1I3ck0xN1N2WXFCS0ZPTTViNjlnek45QlpiY3BuT19SX04yRWN2S1RyNlNCbVBlX1hvUFdCRFAwbDl5LWhBT1FBcWtBTVZQeUE?oc=5,Google News: 日本語教育 委託 自治体,google_news,,2026-07-13T05:00:02+00:00,2026-07-17T05:07:34.036984+00:00,ニュース（日本語教育）,公募・補助金・プロポーザル;ニュース（日本語教育）,10,日本語教育;認定日本語教育機関,,【川崎区役所主催】就労分野の認定日本語教育機関による実証事業「就労者のための日本語講座」を実施します PR TIMES
231,株式会社明光キャリアパートナーズ 令和8年度広島県「外国人材日本語学習支援業務」を受託,https://news.google.com/rss/articles/CBMiakFVX3lxTE93QnhKVFV6ZGJKSm01alh4M24wVDkyZ1dPSkJ6amZ6YUJJVkJpSndDM2s5T1JSTnQ1Z1BlZkZDcWRKSXRuVmZZR1doVUVFc1VoMW1ZS1B6SUhUM3RjS3g4ZF9NaXZ2TXlfZHc?oc=5,Google News: 日本語教育 委託 自治体,google_news,,2026-07-15T00:00:02+00:00,2026-07-17T05:07:34.036962+00:00,ニュース（外国人・ビザ）,ニュース（外国人・ビザ）;その他,3,外国人材,,株式会社明光キャリアパートナーズ 令和8年度広島県「外国人材日本語学習支援業務」を受託 PR TIMES
230,北区日本語教育コーディネーター事業者公募［神戸市北区］神戸市会議員 堂下豊史,https://news.google.com/rss/articles/CBMiX0FVX3lxTFBvQUR6Y2Y4RS1xQ2tna3NIdTN1WWdWN1lOTU9xNEJJbHZidVdHVDZJTy1ONWlFLVQ0VVFQcXREMTJfSmJDb29zbW1MVFVCRURFN28yQk1pU0VjN3NCTjBn?oc=5,Google News: 日本語教育 公募,google_news,,2026-07-15T12:27:58+00:00,2026-07-17T05:07:34.036925+00:00,公募・補助金・プロポーザル,公募・補助金・プロポーザル;ニュース（日本語教育）,8,公募;日本語教育,,北区日本語教育コーディネーター事業者公募［神戸市北区］神戸市会議員 堂下豊史 選挙ドットコム
216,言葉が命を守る。外国人介護士のためのAI日本語教育 - クラウドファンディング,https://news.google.com/rss/articles/CBMiS0FVX3lxTE12QkpvRW9nVmliQWtWZFdiNDVfSS1sbkZ4cjQxTExFY1I5cDhnQUs1MHpkYmlGbmRNbm9EeFQ5REcwSHdKczFLWUE0dw?oc=5,Google News: 日本語教育 補助金,google_news,,2026-07-11T09:00:14+00:00,2026-07-17T05:07:34.036892+00:00,ニュース（日本語教育）,ニュース（日本語教育）;その他,4,日本語教育,,言葉が命を守る。外国人介護士のためのAI日本語教育 クラウドファンディング - READYFOR
229,明光ネットワークジャパンの子会社、明光キャリアパートナーズ 令和8年度広島県「外国人材日本語学習支援業務」を受託,https://news.google.com/rss/articles/CBMiakFVX3lxTE1ZS3VrN1ZBeXZtRktMbl9BOVFPYzZLNW96Si12VWhWN2JZV3BoNVVoSGtEZnFSZDdYM2t4NWQwTFRyN1g3a01HUFdrSjM1QjBFTUJxZUdnZFZtcmFMQ0hFcjJVVmZXWFBlZlE?oc=5,Google News: 日本語教育 補助金,google_news,,2026-07-15T02:00:03+00:00,2026-07-17T05:07:34.036849+00:00,ニュース（外国人・ビザ）,ニュース（外国人・ビザ）;その他,3,外国人材,,明光ネットワークジャパンの子会社、明光キャリアパートナーズ 令和8年度広島県「外国人材日本語学習支援業務」を受託 PR TIMES
228,日本語教育でバリ島孤児院の子どもたちの未来を拓きたい！！ - クラウドファンディング,https://news.google.com/rss/articles/CBMiS0FVX3lxTE9Ca2swcTlDVm9zaVpIeUNIV2VxWm1RN1RNN29ETndrT0poQ2V2MEE2N2hlU29vQTBOeVYtczNhU25TTjY0VnI0YVdRWQ?oc=5,Google News: 日本語教育 補助金,google_news,,2026-07-16T02:03:11+00:00,2026-07-17T05:07:34.036467+00:00,ニュース（日本語教育）,ニュース（日本語教育）,4,日本語教育,,日本語教育でバリ島孤児院の子どもたちの未来を拓きたい！！ クラウドファンディング - READYFOR
157,監理措置制度,https://www.moj.go.jp/isa/08_00045.html,出入国在留管理庁,page,,,2026-07-17T00:00:44.471700+00:00,ニュース（外国人・ビザ）,ニュース（外国人・ビザ）,4,在留資格,,Source page: https://www.moj.go.jp/isa/ / ※退去強制令書発付前の被監理者で、報酬を受ける活動の許可を受けないで報酬を受ける活動を行ったもの又は収入を伴う事業を運営する活動を行ったもの（在留資格をもって在留する者を除く。 / ）を行つたとき、又は収入を伴う事業を運営する活動を行ったとき。 / 被監理者が収入を伴う事業を運営する活動若しくは報酬を受ける活動を行い、又はこれらの活動を行うと疑うに足りる相当の理由があるとき。
156,留学生の就職,https://www.moj.go.jp/isa/applications/resources/10_00015.html,出入国在留管理庁,page,,,2026-07-17T00:00:44.471675+00:00,ニュース（外国人・ビザ）,ニュース（日本語教育）;ニュース（外国人・ビザ）,3,留学生,,Source page: https://www.moj.go.jp/isa/ / 留学生の就職 | 出入国在留管理庁 このページではJavaScriptを使用しています。
155,スタートアップ関連施策,https://www.moj.go.jp/isa/applications/resources/03_00070.html,出入国在留管理庁,page,,,2026-07-17T00:00:44.471637+00:00,ニュース（外国人・ビザ）,ニュース（日本語教育）;ニュース（外国人・ビザ）;その他,7,留学生;在留資格,,Source page: https://www.moj.go.jp/isa/ / 未来創造人材制度（J-Find） 本邦の大学等を卒業した留学生の起業活動について 本邦の大学等を卒業して起業活動を行うことを希望する方 本邦において優秀な留学生の受入れに意欲的に取り組んでいる大学等を卒業して起業活動を行うことを希望する方 その他 地方公共団体が外国人に起業支援を / ​​地方公共団体の起業支援対象者に係る特例(PDF) ​​ 概要(PDF) ​ 参考様式「起業支援対象者の証明について」(Word) 参考様式（記載例）(PDF) 在留資格「経営・管理」について 外国人が本邦において事業を起こした場…
172,「令和8年度外国人児童生徒日本語教育支援補助金について」,https://www.pref.aichi.jp/soshiki/tabunka/r8hozyo.html,愛知県 日本語教育補助金,page,,,2026-07-17T00:00:44.471541+00:00,公募・補助金・プロポーザル,公募・補助金・プロポーザル;ニュース（日本語教育）,12,補助金;補助;日本語教育,,Source page: https://www.pref.aichi.jp/soshiki/tabunka/nihongo-hojyo.html
169,KIP高度外国人材インターンシップ受入費用奨励金,https://www.kipc.or.jp/topics/information/r7internshipsubsidy/,神奈川 外国人材活用支援,page,,,2026-07-17T00:00:44.471453+00:00,ニュース（外国人・ビザ）,ニュース（外国人・ビザ）;その他,3,外国人材,,Source page: https://www.kipc.or.jp/business-support/productivity/foreign-talent/
197,PENGUMUMAN HASIL PEMERIKSAAN PSIKOLOGI KANDIDAT WAITING LIST DAN DAFTAR KETERLAMBATAN HASIL PEMERIKSAAN PSIKOLOGI CALON KANDIDAT NURSE DAN CAREWORKER PEKERJA MIGRAN INDONESIA PROGRAM G TO G JEPANG BATCH XX TAHUN PENEMPATAN 2027,https://kp2mi.go.id/gtog-detail/jepang/pengumuman-hasil-pemeriksaan-psikologi-kandidat-waiting-list-dan-daftar-keterlambatan-hasil-pemeriksaan-psikologi-calon-kandidat-nurse-dan-careworker-pekerja-migran-indonesia-program-g-to-g-jepang-batch-xx-tahun-penempatan-2027,インドネシア KP2MI/BP2MI G to G Japan,overseas_official,インドネシア,2026-07-02T00:00:00+00:00,2026-07-15T23:59:43.988236+00:00,ニュース（外国人・ビザ）,ニュース（外国人・ビザ）;その他,20,careworker;G to G;EPA;nurse;Jepang;pekerja migran;pekerja,,日本語概要: 試験実施・参加手順に関する情報です。インドネシア政府の G to G 日本派遣プログラムに関する告知です。EPAの看護師・介護福祉士候補者に関係します。日本就労を目指すインドネシア人候補者向け情報です。 / 原文抜粋: PENGUMUMAN HASIL PEMERIKSAAN PSIKOLOGI KANDIDAT WAITING LIST DAN DAFTAR KETERLAMBATAN HAS… / Source page: https://kp2mi.go.id/gtog-data/jepang/Pengumuman?draw=1&start=0&length=20 / 一覧掲載日: 2 July 2026
194,「安全を確保し、母国へ」 外国人観光客の広域避難や帰国支援 国と自治体が連携した研究会が発足、初会合,https://news.google.com/rss/articles/CBMi9gFBVV95cUxNMkxWOHVQZDVRVWRacjJCX0FCd1Y0NkFJSlZzOGJZQi0wV0dQc0NQYTZNTzhCTGIxV05Cd0FQeTc5d2Vob215akFENzVmSmtQQ2RGSFRQc2hSTkFzcHlHbGpFWG4wS2ZLZkZPRWZ1S2s2WUxIcUdHN3Yyem1ZTW9ZbW5sQVpVTXVUUEJ3b3JUNDFsZ0JzSGZfQjF2aS1na0M5dl9vSU93cVdmRG45VTlYY0xTclhXOWluV0gwMXF6UklkSXJucF90UnVUVDZ4SHBXNkU3UjR0b1JlcjE5YTJyaVFuMGRTZHR4cU1CYXdXZ3UwZW55UVE?oc=5,Google News: 外国人材 補助金 自治体,google_news,,2026-07-02T09:35:00+00:00,2026-07-15T23:59:43.988077+00:00,その他,その他,3,自治体,,「安全を確保し、母国へ」 外国人観光客の広域避難や帰国支援 国と自治体が連携した研究会が発足、初会合 TBS NEWS DIG
192,介護現場で日本語支援に力 愛知県東郷町の特養、技能実習生受け入れ,https://news.google.com/rss/articles/CBMiVEFVX3lxTE1WaXV0X1p6NVBuOFFLeVVVVE1vRmoxLWgzcGJTbzB1al8tb0w2Ui1vYkpBT1kzMmdoa2twN1d2Y19QaUhXbFFDdk42Rk83clhSci1tLQ?oc=5,Google News: 技能実習 日本語 試験,google_news,,2026-07-02T07:00:00+00:00,2026-07-15T23:59:43.987987+00:00,ニュース（外国人・ビザ）,ニュース（外国人・ビザ）;その他,3,技能実習,,介護現場で日本語支援に力 愛知県東郷町の特養、技能実習生受け入れ 中日新聞Web
212,PMCの第2回『日本語教育』無料説明会開催決定！育成就労制度における重要なポイントを解説,https://news.google.com/rss/articles/CBMiRkFVX3lxTE9zWFI1eXFQd1NPN1gwczRZY05rcnh3VDd3b1V1b0ZWNThqLUxsX2hhdDBlUU4xdzl4eEJPcHQ4TmZsbGhQMXc?oc=5,Google News: 育成就労 日本語,google_news,,2026-07-09T00:54:03+00:00,2026-07-15T23:59:43.987949+00:00,ニュース（外国人・ビザ）,ニュース（日本語教育）;ニュース（外国人・ビザ）,8,日本語教育;育成就労,,PMCの第2回『日本語教育』無料説明会開催決定！育成就労制度における重要なポイントを解説 ニュースメディアVOIX
186,日本語教員の国家試験、年1回→複数回へ 育成就労開始の27年度にも,https://news.google.com/rss/articles/CBMibEFVX3lxTE1wWXhVelhpUDdydEd1SUJvZkJ2MXJPaGx3dzlTc2pmdmw0NGdDRnE1bGRucTg3clI4eW9DaGJ3YzRGSnI5QUpxSm51b1YtUnZzQnZGakM3OUU3UlE2eml0Z2ZrNi1mZjZ5Y0lFQQ?oc=5,Google News: 育成就労 日本語,google_news,,2026-07-02T07:00:00+00:00,2026-07-15T23:59:43.987858+00:00,ニュース（外国人・ビザ）,ニュース（外国人・ビザ）,4,育成就労,,日本語教員の国家試験、年1回→複数回へ 育成就労開始の27年度にも 日本経済新聞
221,【無料セミナー】「本人まかせにしない」特定技能試験の学習支援を解説,https://news.google.com/rss/articles/CBMie0FVX3lxTE5yalNEMVVLaENMeDA5QnhjMS12cUViRW91N2lLM2xIRDYwUWtWTHpYNnZRVXo5dEpCQTB3ZFpZaE1Vc3FIZWtxd19VOUdnQ0drR2hEa2ZLdXVIU1VCZ2dhcU1DcUpQb0xBTlpMUlNScWxYYzNPbmxMY2NZcw?oc=5,Google News: 特定技能 日本語教育 支援,google_news,,2026-07-13T09:00:21+00:00,2026-07-15T23:59:43.987532+00:00,ニュース（外国人・ビザ）,ニュース（外国人・ビザ）,4,特定技能,,【無料セミナー】「本人まかせにしない」特定技能試験の学習支援を解説 ニコニコニュース
190,文部科学省委託「子どものための日本語教育研修」応募受付開始 ～外国人児童生徒支援に携わる日本語教師を育成～,https://news.google.com/rss/articles/CBMia0FVX3lxTE4yUDV4WlpHWkdQNkZmS2tzYmhmRzBUSUxXR05JT3Ywa0d4WHV2OFZWNlR6aXJoMW51U0xSLWFHUVA4QVJoSUYtT293V2lyRmxzMlppWTNkNDJkVUZXUzZMV2FlRnk1WVZPazNJ?oc=5,Google News: 日本語教育 委託 自治体,google_news,,2026-07-02T07:00:00+00:00,2026-07-15T23:59:43.987270+00:00,ニュース（日本語教育）,公募・補助金・プロポーザル;ニュース（日本語教育）,8,委託;日本語教育,,文部科学省委託「子どものための日本語教育研修」応募受付開始 ～外国人児童生徒支援に携わる日本語教師を育成～ 時事ドットコム
226,「令和8年度えにわ多文化共生フェスタ開催業務委託」に係る公募型プロポーザルの審査結果について,https://news.google.com/rss/articles/CBMilwFBVV95cUxQcnVuMlhXNXZRSlFPdm0zV1g3MUpkSmNsdFFzMHpYWW5kVHBab0hmUUxnZ09vcURpYTE2RkRmZkNNZjBPSmZjSWxleEFmdm5HbktUTEdCWW5McGZZa2FvaTF4cl9EZUw0YmhEcW5pYU9SNUtzcW83LTlKdmJrMUhBSlB1R1Q3WGNwOWc1WHpMVkZJTHF5VEc0?oc=5,Google News: 日本語教育 プロポーザル,google_news,,2026-07-02T07:00:00+00:00,2026-07-15T23:59:43.987180+00:00,公募・補助金・プロポーザル,公募・補助金・プロポーザル,13,公募;プロポーザル;委託,,「令和8年度えにわ多文化共生フェスタ開催業務委託」に係る公募型プロポーザルの審査結果について city.eniwa.hokkaido.jp
188,"PENGUMUMAN HASIL PEMERIKSAAN PSIKOLOGI, PEMANGGILAN KANDIDAT WAITING LIST, DAN PELAKSANAAN MEDICAL CHECK UP I CALON KANDIDAT NURSE DAN CAREWORKER PEKERJA MIGRAN INDONESIA PROGRAM G TO G JEPANG BATCH XX TAHUN PENEMPATAN 2027",https://kp2mi.go.id/gtog-detail/jepang/pengumuman-hasil-pemeriksaan-psikologi-pemanggilan-kandidat-waiting-list-dan-pelaksanaan-medical-check-up-i-calon-kandidat-nurse-dan-careworker-pekerja-migran-indonesia-program-g-to-g-jepang-batch-xx-tahun-penempatan-2027,インドネシア KP2MI/BP2MI G to G Japan,overseas_official,インドネシア,2026-07-01T00:00:00+00:00,2026-07-14T23:54:50.598892+00:00,ニュース（外国人・ビザ）,ニュース（外国人・ビザ）;その他,20,careworker;G to G;EPA;nurse;Jepang;pekerja migran;pekerja,,"日本語概要: 試験実施・参加手順に関する情報です。インドネシア政府の G to G 日本派遣プログラムに関する告知です。EPAの看護師・介護福祉士候補者に関係します。日本就労を目指すインドネシア人候補者向け情報です。 / 原文抜粋: PENGUMUMAN HASIL PEMERIKSAAN PSIKOLOGI, PEMANGGILAN KANDIDAT WAITING LIST, DAN PELAKSANAA… / Source page: https://kp2mi.go.id/gtog-data/jepang/Pengumuman?draw=1&start=0&length=20 / 一覧掲載日: 1 July 2026"
218,厚木商工会議所　外国人材雇用で連携へ　県の産業振興センターと協定〈厚木市・愛川町・清川村〉,https://news.google.com/rss/articles/CBMijgFBVV95cUxPTUxTUzBCRjR5a3ljTkxDM2hWMHVXb0N5QWR6ODBmS2FzZGdWc0JFOGI0NENNVW9zR0s1elBWYldDOXlLSG5KZkthc2ctYjdzV3lSd05xN2g2TUhEbEpKb0h3YkltZG1xb3pRNU9zaVRZT1VZSnZuclp2M0QzWnA0NE1uRHdGVXg5WFZCWDd30gGAAUFVX3lxTFA1ZVBhcjZwUk1EUGlTLVI0QUV2VEhjYkt0ZGgybGRYQkM2X1QzazlxSHZaUk9vY1ZrYmxSRlZIOWhBem9sOWh0Z0dHaE1pRVFnN2xDdFBYN0ZYMW1RakhMcktCampSa0o1OTM1MmRkZjNJX3ZXUEgyUXRBOTZlVjRf?oc=5,Google News: 神奈川県 外国人材 補助金 公募,google_news,,2026-07-11T09:00:00+00:00,2026-07-14T23:54:50.598749+00:00,ニュース（外国人・ビザ）,ニュース（外国人・ビザ）;その他,3,外国人材,,厚木商工会議所 外国人材雇用で連携へ 県の産業振興センターと協定〈厚木市・愛川町・清川村〉 ｄメニューニュース
187,外国人「育成就労」2年で最大42万人受け入れ タイと初の協力覚書、識者「トルコとも」 「移民」と日本人,https://news.google.com/rss/articles/CBMidkFVX3lxTE80cTFybHA0bWQ2ZlI3bHpiM29WaGhnTkowY0N0YkVKOHBBWmx5RmhwbUExOHMxLUE2NkxWSEphQjd2NlhXNUpFeFNsZVFJYmdFdTYxbzFBSktfbzBRT0tjV2xleUdCT0pxSjJrcHlQTkdRVG9yQVE?oc=5,Google News: 育成就労 日本語,google_news,,2026-07-01T07:00:00+00:00,2026-07-14T23:54:50.598484+00:00,ニュース（外国人・ビザ）,ニュース（外国人・ビザ）,4,育成就労,,外国人「育成就労」2年で最大42万人受け入れ タイと初の協力覚書、識者「トルコとも」 「移民」と日本人 産経ニュース
225,Vì sao Nhật Bản không còn hấp dẫn với nhiều lao động Việt?,https://news.google.com/rss/articles/CBMilwFBVV95cUxOcXpUd0RmaVRJcHNDMFphRkdVbGg0a1JFblJTRXh2aUgtNE9za2tHZWRGcV9IQ0FJOEFZMTBpd1VIQjYwNS0tTHdPWS1RVVp5YkFWYUdBbUhoWTJqWU1RYzljZXNULTI1V2JZMFg5Mk5aNmtKS1MwU1NLc3BpUklrU0ZxM0xpZUJTekZDX3pVZEhnNXVvdE9z?oc=5,Google News: Vietnam: Japan workers,google_news,ベトナム,2026-07-13T23:28:00+00:00,2026-07-13T23:55:41.767389+00:00,ニュース（外国人・ビザ）,ニュース（外国人・ビザ）;その他,7,外国人材;Nhật Bản;lao động,,日本語概要: ベトナム発の日本就労・外国人材関連情報です。 / 原文抜粋: Vì sao Nhật Bản không còn hấp dẫn với nhiều lao động Việt? Vì sao Nhật Bản không còn hấp …
185,日米会話学院日本語研修所、文部科学省「認定日本語教育機関」に認定,https://news.google.com/rss/articles/CBMiakFVX3lxTFBBSTVCakFibkxISGxKRVRxUm4tNXd3Q0RfNEpnb25zQVZPRDJ0RzZfZ0ppaXFSQ04wUTEzTEdVdFE4NHZDNDhIaW9fY1EyRjQ4bjc5RTluYnFRTkJrSzBPeXZIUDAtRDVrVVE?oc=5,Google News: 認定日本語教育機関 補助金,google_news,,2026-06-30T07:00:00+00:00,2026-07-13T23:55:41.766542+00:00,ニュース（日本語教育）,ニュース（日本語教育）,10,日本語教育;認定日本語教育機関,,日米会話学院日本語研修所、文部科学省「認定日本語教育機関」に認定 PR TIMES
4,【2026年（令和8年）】日本語教育能力検定試験とは？試験時間や日程、内容について解説！,https://news.google.com/rss/articles/CBMiWkFVX3lxTE9VcU5HSGdTbzdHLXZmYnYxN0dKZEhxU0lGblhCNklqWTl3MG5KQzdWQUNMcUhZZWwwWnZ4TTYzYnVMRl9MS0xVU3BNMUtqV011TjlOSUV3RmNtdw?oc=5,Google News: 日本語教育 補助金,google_news,,2026-06-30T07:00:00+00:00,2026-07-13T23:55:41.766212+00:00,ニュース（日本語教育）,ニュース（日本語教育）,4,日本語教育,,【2026年（令和8年）】日本語教育能力検定試験とは？試験時間や日程、内容について解説！ アガルートアカデミー
205,外国人材「確保」と「支援」 岡山県が政策パッケージ 企業説明会や日本語教育,https://news.google.com/rss/articles/CBMiUkFVX3lxTFB5bHZmZWI1X3lsVm83OGZJd2kySVpVU09BS3VKRDBXUFNhVXAyMThMYnNHVXJ6NEJhQVlYNXBpNll5Q2tXWmdNZFR5SWtRanZvUHc?oc=5,Google News: 日本語教育 補助金,google_news,,2026-07-03T07:00:00+00:00,2026-07-13T23:55:41.766129+00:00,ニュース（外国人・ビザ）,ニュース（日本語教育）;ニュース（外国人・ビザ）;その他,7,日本語教育;外国人材,,外国人材「確保」と「支援」 岡山県が政策パッケージ 企業説明会や日本語教育 山陽新聞
215,愛知県国際交流協会がとよはし中学校でオリエンテーション 緊急時対応や防災について日本の仕組みを生徒たちに伝授,https://news.google.com/rss/articles/CBMiXEFVX3lxTE9raWZoQnFjNXFCVnY3YnVLSnFOeGx2dFdRMjJkRUJoQ0I3b21vTHdHNTdLRS1xQ3I5MG5nQnNjbWZDam9qakdiY0RrWTktRy1NbDdydlg5QWhBUUdH?oc=5,Google News: 日本語学校 入学前教育,google_news,,2026-07-11T05:48:05+00:00,2026-07-12T23:55:20.555084+00:00,その他,その他,4,国際交流協会,,愛知県国際交流協会がとよはし中学校でオリエンテーション 緊急時対応や防災について日本の仕組みを生徒たちに伝授 東愛知新聞
214,山形 外国人介護人材が「定着」するには 初の意見交換会,https://news.google.com/rss/articles/CBMiWEFVX3lxTFBlUUxPMFo2YU1mQmxUWEhwc0tVVE0yUDlibTJTWWhXOTNZYUd2NnpWNnl5VXVrQ3hHNjhhUW80WnJQV0JwXzJlM1FEdHJVUzZ1NnFFWnRucWg?oc=5,Google News: 福岡県 外国人介護人材 補助金,google_news,,2026-07-02T08:18:00+00:00,2026-07-10T23:58:56.734700+00:00,ニュース（日本語教育）,ニュース（日本語教育）;その他,7,外国人介護人材;介護人材,,山形 外国人介護人材が「定着」するには 初の意見交換会 NHKニュース
204,【8/5神奈川・対面開催】県内中小企業向け「ゼロから始める外国人材受け入れ ～高度外国人材の可能性～」セミナーを開催！神奈川の技術を、外国人材とともに世界へ,https://news.google.com/rss/articles/CBMic0FVX3lxTE4xdkd3SEdKb0xqWm1jU1FxQjBLTDlVdFY4M0cxbC1ibmxzeENjbnVRUjhsclBNMW9vSmJ6VE1GVXFLZ3prbHc4YXM2WFlPUXNUbVdyNkRhRHBNb0JWT0lOTWRXVGxJdC1ydDhpUzdzdTQxa3c?oc=5,Google News: 神奈川県 外国人材 補助金 公募,google_news,,2026-07-06T16:40:00+00:00,2026-07-10T00:06:32.181722+00:00,ニュース（外国人・ビザ）,ニュース（外国人・ビザ）;その他,3,外国人材,,【8/5神奈川・対面開催】県内中小企業向け「ゼロから始める外国人材受け入れ ～高度外国人材の可能性～」セミナーを開催！神奈川の技術を、外国人材とともに世界へ Excite エキサイト
37,増える介護現場の外国人、県も日本語教育など支援に注力…１０年前比で人数は７倍に・技能実習生→「特定技能」に切り替え受け入れ進む,https://news.google.com/rss/articles/CBMickFVX3lxTE5UaEZtS2R5Y3JsaVdFZjkwbmxsdE1KNzB6VEhWcERzLVpfd1lxWUtzLUNTS0x4Q0lMT20wMkR4SlRCdFNqc1YxcTB2b2RxdDNMSHZpV2t2d2hCVUZMZlFMc01RdE5iNWtxU3lqUnFiQ3lDQQ?oc=5,Google News: 日本語教育 補助金,google_news,,2026-06-26T07:00:00+00:00,2026-07-10T00:06:32.180859+00:00,ニュース（外国人・ビザ）,ニュース（日本語教育）;ニュース（外国人・ビザ）;その他,11,日本語教育;特定技能;技能実習,,増える介護現場の外国人、県も日本語教育など支援に注力…１０年前比で人数は７倍に・技能実習生→「特定技能」に切り替え受け入れ進む 読売新聞
210,More Foreign Workers in Japan Being Hired as Bus Drivers After Residence System Change,https://news.google.com/rss/articles/CBMic0FVX3lxTE1PMFdNTXdlQkFiNnN3c3VVTTdhcmFqc3ZfblFHZ09leVRISTZOZTFjMlFmN1lTQ0oxTUpjVS1WM0kwRWRtOG1ERGszekI0Tl9Hclpfc0lPWVkzUExXUmxWaXRib2JOdkNFYVRHcjVpZFNxYkk?oc=5,Google News: Philippines: Japan work,google_news,フィリピン,2026-06-26T07:00:00+00:00,2026-07-09T00:10:47.876828+00:00,ニュース（外国人・ビザ）,ニュース（外国人・ビザ）,3,foreign workers,,日本語概要: 労働・雇用関連の告知として確認対象です。 / 原文抜粋: More Foreign Workers in Japan Being Hired as Bus Drivers After Residence System Change Mo…
193,システム標準化56％間に合わず 全国1015自治体で移行に遅れ,https://news.google.com/rss/articles/CBMiY0FVX3lxTE5DaXU0QXJ1b1FjR1lndEkycnEwRTFjY2ltY2MxTUVxWWJiSlZCS2k4dkUyUDhKRXlvanRwTzQtNG1NVVhERndCbmZFN3BhLWtmVVFNaFVxYUp3eHdhaWpnbXVEaw?oc=5,Google News: 自治体 日本語教室 補助金,google_news,,2026-06-30T02:58:32+00:00,2026-07-09T00:10:47.876765+00:00,その他,その他,3,自治体,,システム標準化56％間に合わず 全国1015自治体で移行に遅れ nippon.com
191,外国人介護人材との円滑なコミュニケーションを促進する研修を実施,https://news.google.com/rss/articles/CBMivwJBVV95cUxOeTEyRVd4eXdsOGhHVXFiMlBfUEtyNDdLXzMwaUV0dEViRndYdkU5VFFKRVlBOExLV0hraVdJc09UUW9IdzZodk96TldLYWoxNXZDZVdQbUNCV1ZMTk1adEVtbnpMT0pEU1E3aGdqR1dkdVdIc0pNT1RmWVVTVzJONFNGZ3RKbExzcE5DUUNJaklUdlV3MXJoT2V1c3QyUkY3QjdQVzZhbjNFWmU5X1dnZndONE5Yci1WS2F0aTJIazZpMmlFZkhKOWMwTnVnZkdzWi1JZ0RNemhXeGZscC0wcmk0Ql9yUmt0UFZnZlBsSmJ6bEdyVV9XWHA3RGw4VnFxSWFydFVGZm5lVDJnVFB1MWxUUmJCT0t5RGlwR3YxNjJLMVlCNTEwS1hLU2t4cDY5R0gxNGZ1SEU1Vkc0LWJr0gHEAkFVX3lxTFBpMzBXUXNsRUZpQUh4S1N0N2tkTXpVdG5wZFhXeGU2eHdfYmNnUjZvNTZYYTFTTkFfbUVTcV9FZzNMZHZKTXRqTy1LS0VWaDlJWXV1Xy1IdjNJeU95MHRMY1huTnJiRmg0QWY5VjBKMUM4ZWwydXB3cjRxejdkZVZlb2NyR0Y2QmI5NFhuTUFRc0w0a2NTLWVfd3hsZ213SFFXV2J2dlhLOUs0NlpWVnpScklRTUxWQ1J2SUt2Mlh5b01peV9yc1M4X1pObGJrUWx6NmdMcl9MbkRfNEtnRERTUXAtZDF0YVVvTGJ3OFlyQ2NnQWozVmFUSzlHUDVoTTdQVHhuX3EwZTdhNGxJWjU4a2doUzQ5MkJXUW9WQ1BYcF9OSDZhZTl6YzF2YWVkSHNlVUpmclVqNm1wV3cxMTItNklyUw?oc=5,Google News: 外国人材 日本語教育 委託,google_news,,2026-06-25T07:00:00+00:00,2026-07-09T00:10:47.876402+00:00,ニュース（日本語教育）,ニュース（日本語教育）;その他,7,外国人介護人材;介護人材,,外国人介護人材との円滑なコミュニケーションを促進する研修を実施 South65
2,インドネシア軍への能力構築支援 日本語教育課程のため日本人講師を11か月間派遣（令和7年度）,https://news.google.com/rss/articles/CBMiXEFVX3lxTFBZbmR1R3JQeWt6WXdvb3B0X3o2RTdwb0I3T1pUc0hjOFczWURlbU5aNlMyM2laNXpsdzlGYVJrcFBkS2lKLVd6UlUwOFN2bWxGMWRzanp3cTl0Yl9i?oc=5,Google News: 日本語教育 補助金,google_news,,2026-06-25T07:00:00+00:00,2026-07-09T00:10:47.876202+00:00,ニュース（日本語教育）,ニュース（日本語教育）,4,日本語教育,,インドネシア軍への能力構築支援 日本語教育課程のため日本人講師を11か月間派遣（令和7年度） J ディフェンス ニュース
199,観光庁、ワーホリ制度を使って観光地の外国人材確保を目指す地域を公募 8/3まで,https://news.google.com/rss/articles/CBMibEFVX3lxTE5ET2VxMkNiNlVrSnl3bzlWYkN4UzI1dThHQktxLUNObGdkbjA4eW84ZWQ4UUNsWDktSGROVlBVRDQ0VWJOcVVKWjRVbERZUGNtSms5TnZlbzRtejJ6ZGhqeXA2d3lESGNNVWFUTQ?oc=5,Google News: 神奈川県 外国人材 補助金 公募,google_news,,2026-07-03T00:02:37+00:00,2026-07-07T00:09:59.971620+00:00,公募・補助金・プロポーザル,公募・補助金・プロポーザル;ニュース（外国人・ビザ）;その他,7,公募;外国人材,,観光庁、ワーホリ制度を使って観光地の外国人材確保を目指す地域を公募 8/3まで 訪日ラボ
203,マイナビグローバル、「鹿児島県介護特定技能外国人マッチング支援事業」を運営開始,https://news.google.com/rss/articles/CBMiVEFVX3lxTE5MQUQxXzAtZmZrakN0eklieWVVT0prZUdLei1PWTc0elRaaTU1cm9JRm9meFlDODhUcjRxWE1MbTFLdGk3dnRxUDVNRVhHVTFya1FwVA?oc=5,Google News: 東京都 在住外国人 支援事業 助成,google_news,,2026-06-23T13:48:10+00:00,2026-07-07T00:09:59.971567+00:00,ニュース（外国人・ビザ）,ニュース（外国人・ビザ）;その他,4,特定技能,,マイナビグローバル、「鹿児島県介護特定技能外国人マッチング支援事業」を運営開始 ニコニコニュース
182,PENGUMUMAN KELULUSAN UJIAN BAHASA JEPANG DASAR BAGI KANDIDAT NURSE DAN KANDIDAT CAREWORKER PROGRAM EPA G TO G JEPANG BATCH XX TAHUN 2026,https://kp2mi.go.id/gtog-detail/jepang/pengumuman-kelulusan-ujian-bahasa-jepang-dasar-bagi-kandidat-nurse-dan-kandidat-careworker-program-epa-g-to-g-jepang-batch-xx-tahun-2026,インドネシア KP2MI/BP2MI G to G Japan,overseas_official,インドネシア,2026-06-22T00:00:00+00:00,2026-07-05T00:02:40.965601+00:00,ニュース（外国人・ビザ）,ニュース（外国人・ビザ）;その他,21,careworker;G to G;EPA;nurse;Jepang;bahasa Jepang;ujian bahasa Jepang,,日本語概要: 日本語基礎試験に関する告知です。合格発表に関する情報です。試験実施・参加手順に関する情報です。インドネシア政府の G to G 日本派遣プログラムに関する告知です。EPAの看護師・介護福祉士候補者に関係します。日本就労を目指すインドネシア人候補者向け情報です。 / 原文抜粋: PENGUMUMAN KELULUSAN UJIAN BAHASA JEPANG DASAR BAGI KANDIDAT NURSE DAN KANDIDAT CAREWORKE… / Source page: https://kp2mi.go.id/gtog-data/jepang/Pengumuman?draw=1&start=0&length=20 / 一覧掲載日: 22 June 2026
196,Esuhai - 18 năm “Kiến nghiệp thành công”,https://news.google.com/rss/articles/CBMiigFBVV95cUxQemNSZzIxMVJsVFE4dlJ0THotRmk2ektUZVdiYk9GQVRNVldoQk5aYVh3Tm1GQ05oY2xMbFdlQ29tRXVjU2dDdEZKMEpXNGlKTmUyc0x6TXU0N2NKeWk1VlQxUGR5YkljOElBaC1wSzBnYWRZWGZ2MjFSenJFc09GdHJTT1pDbXRTNlE?oc=5,Google News: Vietnam: Japan workers,google_news,ベトナム,2026-07-01T11:11:58+00:00,2026-07-05T00:02:40.965454+00:00,ニュース（外国人・ビザ）,ニュース（外国人・ビザ）;その他,3,外国人材,,日本語概要: ベトナム発の日本就労・外国人材関連情報です。 / 原文抜粋: Esuhai - 18 năm “Kiến nghiệp thành công” Esuhai - 18 năm “Kiến nghiệp thành công” Tuổi Trẻ
195,Chuyến thăm Ấn Độ của Thủ tướng Takaichi: Giải mã Tầm nhìn chung Ấn Độ - Nhật Bản với 8 trụ cột hợp tác,https://news.google.com/rss/articles/CBMi1wFBVV95cUxNbUttMm0zVHNCMUFmT1MybTc2ejdOc3FMd1N6VFdJd04tMUVwOXhSb1JVZGR6M1VzcnRoZHFfQXRSU2dqZkN0ZldheDVKOGRwRjhpOWdnZm1MQlVyc2IxZGlQTFRjRGI0aFJWcUR0Z1lFVERRVkFEZ1NlaGJ2WFBuZE41eUJJSHNfUndvaG5tRnBMdnpWbjNDNlZPOTNhRGgxV0VXSzZwVUhzT1VWWTBZM1J6Sm1IYVNMNGpkUGtYSmJNYWxvanBfMjhXcFIzaTlwVlVpby1LVQ?oc=5,Google News: Vietnam: Japan workers,google_news,ベトナム,2026-07-02T07:17:01+00:00,2026-07-05T00:02:40.965391+00:00,ニュース（外国人・ビザ）,ニュース（外国人・ビザ）;その他,4,外国人材;Nhật Bản,,日本語概要: ベトナム発の日本就労・外国人材関連情報です。 / 原文抜粋: Chuyến thăm Ấn Độ của Thủ tướng Takaichi: Giải mã Tầm nhìn chung Ấn Độ - Nhật Bản với 8 t…
202,Zenken、鳥取県より「令和8年度 鳥取県外国人介護人材キャリアアップ研修事業」を受託,https://news.google.com/rss/articles/CBMiUEFVX3lxTE40V01JaXlwVGl3MElnTE1yMHBRaHVCWlBmbXdHOHcwUllxZ2FtVGR1OGVZblB1c1RrenctTXNoaTFxSEVMMEJsa2IwbXRnY3E5?oc=5,Google News: 福岡県 外国人介護人材 補助金,google_news,,2026-07-02T03:00:00+00:00,2026-07-05T00:02:40.965183+00:00,ニュース（日本語教育）,ニュース（日本語教育）;その他,7,外国人介護人材;介護人材,,Zenken、鳥取県より「令和8年度 鳥取県外国人介護人材キャリアアップ研修事業」を受託 日本海新聞 NetNihonkai
7,県、多文化共生を推進 日本語教育、職住環境整備 プラン策定、大幅修正なし：日刊県民福井Web,https://news.google.com/rss/articles/CBMiVEFVX3lxTE8zRXZQalJ2Z2tia3FkdEc4d2hiLWZpRExuU1NCX21YRmJBLWd1Z3FJcFlGeXhtRmVrMXFyWXN5b1BxaWhvcVgyZ0p2eWxPb3hacUg5Zg?oc=5,Google News: 日本語教育 公募,google_news,,2026-06-21T07:00:00+00:00,2026-07-05T00:02:40.964738+00:00,ニュース（日本語教育）,ニュース（日本語教育）,4,日本語教育,,県、多文化共生を推進 日本語教育、職住環境整備 プラン策定、大幅修正なし：日刊県民福井Web 中日新聞Web
165,外国人材の受け入れ・活躍の促進へ 日本語研修などの経費を補助 香川県,https://news.google.com/rss/articles/CBMie0FVX3lxTE9fR3dwSmo1LUVGbXVoTGp3VjhQRjVQejV3d0xIbFNKNExKMVBxYm1FcTFISVREWTQtYkREbldDVk1ZNjBuczdQVHQxZ2pTX19fZFh0aUo1dnNZTGVmckJwREpKZWcyQ3JjZHpORVBZTEdWTUhwUk9DX21Qbw?oc=5,Google News: 日本語教育 補助金,google_news,,2026-06-20T06:24:00+00:00,2026-07-04T00:05:08.623615+00:00,公募・補助金・プロポーザル,公募・補助金・プロポーザル;ニュース（外国人・ビザ）;その他,6,補助;外国人材,,外国人材の受け入れ・活躍の促進へ 日本語研修などの経費を補助 香川県 au Webポータル
162,官民協働海外留学支援制度～トビタテ！留学JAPAN 新・日本代表プログラム～ 【大学生等対象】2026年度（第18期）派遣留学生の選考結果及び壮行会の開催について 応募者数が前年度から約2割増加！,https://www.mext.go.jp/a_menu/kokusai/tobitate/1422994_00016.htm,文部科学省 報道発表,page,,,2026-07-03T00:06:56.030133+00:00,ニュース（日本語教育）,ニュース（日本語教育）;その他,4,留学生,,Source page: https://www.mext.go.jp/b_menu/houdou/index.htm / ※式典、交流会及び派遣留学生対象オリエンテーションは取材可能です。 / 留学JAPAN 新・日本代表プログラム～ 【大学生等対象】2026年度（第18期）派遣留学生の選考結果及び壮行会の開催について 応募者数が前年度から約2割増加！ / （4）概要 グローバル人材育成コミュニティ全体で【大学生等対象】第18期派遣留学生の派遣を祝う式典を開催するとともに、交流会及び派遣留学生対象オリエンテーションを通じて、「トビタテ！
161,在留諸申請の進捗確認について,https://www.moj.go.jp/isa/10_00210.html,出入国在留管理庁,page,,,2026-07-03T00:06:56.030110+00:00,ニュース（外国人・ビザ）,ニュース（外国人・ビザ）,4,在留資格,,Source page: https://www.moj.go.jp/isa/ / ＜対象となる申請＞ 在留資格認定証明書交付申請 在留期間更新許可申請 在留資格変更許可申請 永住許可申請 ☆在留審査処理期間は こちら をご覧ください。 / 入管庁HPに在留資格・申請ごとに平均審査処理期間を公表しています！
181,Disnaker Bandung Genjot Program Magang dan Penempatan Kerja ke Jepang,https://news.google.com/rss/articles/CBMisgFBVV95cUxPOE12X29CcXNBR0RsYWhmbzJ4THIwMzNJXzMtM1duZHRqWHU3MEFUU2o4MHRFSXlsNWtfc1Y5TDc5TmFPS3lGc0RwZTZFX1FBQTVpMHdoU2ItOG4xQ3pZaC1nWE1ZM25YX1FCNnBLZEZ1N2NDUXNFa0ZwVy1FNmlGTVY5UFpOb1lKSUtMaVFzRExsVlFGMjNXMEptZ3dzOVhDY1NTUDdvSkx1LXVpWkZJb0l3?oc=5,Google News: Indonesia: Japan workers,google_news,インドネシア,2026-06-19T07:00:00+00:00,2026-07-03T00:06:56.029329+00:00,ニュース（外国人・ビザ）,ニュース（外国人・ビザ）;その他,7,外国人材;EPA;Jepang,,日本語概要: インドネシア発の日本就労・外国人材関連情報です。 / 原文抜粋: Disnaker Bandung Genjot Program Magang dan Penempatan Kerja ke Jepang Disnaker Bandung Ge…
179,"Tak Perlu ke Jawa, Calon Pekerja Migran Sulsel Bisa Ikut Tes JFT-Basic di Makassar",https://news.google.com/rss/articles/CBMiswFBVV95cUxQYlZLSUVLVnFVaVQtRXBnMzdnQUNYX0JPMkdLSG95QS1mNlpkbmVheDR4WEpyU051MWVlMUktSjlwZFliNTRwdnpDbUNuTDdtQ0RSVVY4UTRDN2QxQloyMlJWOEhxV2xlSF9aRmpJQVZrVzY0THFzdUdQOURiTDRfeVRyamRsMENRQTJJdDc0dlNqbEJ6VTdPTnVYMk1MZXcyOEJ1NnhvU09SbzB4dXZBRXl1ONIBswFBVV95cUxQYlZLSUVLVnFVaVQtRXBnMzdnQUNYX0JPMkdLSG95QS1mNlpkbmVheDR4WEpyU051MWVlMUktSjlwZFliNTRwdnpDbUNuTDdtQ0RSVVY4UTRDN2QxQloyMlJWOEhxV2xlSF9aRmpJQVZrVzY0THFzdUdQOURiTDRfeVRyamRsMENRQTJJdDc0dlNqbEJ6VTdPTnVYMk1MZXcyOEJ1NnhvU09SbzB4dXZBRXl1OA?oc=5,Google News: Indonesia: Japan workers,google_news,インドネシア,2026-06-18T03:19:07+00:00,2026-07-02T00:09:35.265232+00:00,ニュース（外国人・ビザ）,ニュース（日本語教育）;ニュース（外国人・ビザ）,10,pekerja migran;pekerja;JFT-Basic,,"日本語概要: 日本就労を目指すインドネシア人候補者向け情報です。 / 原文抜粋: Tak Perlu ke Jawa, Calon Pekerja Migran Sulsel Bisa Ikut Tes JFT-Basic di Makassar Tak Pe…"
180,"Disnakertrans Sulsel Apresiasi Kehadiran JFT-Basic di Makassar, Calon Pekerja Migran Makin Mudah",https://news.google.com/rss/articles/CBMizwFBVV95cUxPX3FwYm9CaTA0UVpZMjJlR1VyVG9HeUtZYlo0TmUxY0dveUpQNjViMjZrcl8yeVVyZTc5TkJGUlZqZjBrMWJaeklIODlYcS1vWVh4SjE3N2tPOG1HRmF6UFlnMU1kSm9UMXhkRHpvSlZFVENwaFpNLU9nQUcyVW5hTDdzdGV0cnYxMmNyeVlLVDRrSU1WbG5PeXY4aTFqaEtHVzh3WVdfUTZ0SlA1R0FCNjc0aVRxVkY1WmItNVk5VkVwSWVFaEI5Q2N3b1BGc0U?oc=5,Google News: Indonesia: Japan workers,google_news,インドネシア,2026-06-17T05:17:23+00:00,2026-07-01T00:07:41.386953+00:00,ニュース（外国人・ビザ）,ニュース（日本語教育）;ニュース（外国人・ビザ）,10,pekerja migran;pekerja;JFT-Basic,,"日本語概要: 日本就労を目指すインドネシア人候補者向け情報です。 / 原文抜粋: Disnakertrans Sulsel Apresiasi Kehadiran JFT-Basic di Makassar, Calon Pekerja Migran Maki…"
178,Disnakertrans Sulsel: Kehadiran JFT-Basic di Makassar Kurangi Beban Biaya Calon Pekerja ke Jepang,https://news.google.com/rss/articles/CBMixwFBVV95cUxQM2R1YWU3Q1NtZ1VFS1c2QmZ4NWZrYlR2NmM0cnJodjhUdlBvNElmOFJ2RTY4cWVQcUVJR3A5M0N5SGVBVk9aeG82cXBQdUNHSFdNTWgzMFFmU2k4MmRFSENfaTZuU29KRHVNV25SU3YybEJma216eVFqcU0wMDdmQWt4bGh3Ym83NWFlWnlMVG5QcE9UalVFRHBMTVN3T3hIbC1MZG5hb0RQaElCWTFYejZmeHZ4RHZRWWNSNG5oOWJib0tENzc0?oc=5,Google News: Indonesia: Japan workers,google_news,インドネシア,2026-06-17T07:00:00+00:00,2026-07-01T00:07:41.386866+00:00,ニュース（外国人・ビザ）,ニュース（日本語教育）;ニュース（外国人・ビザ）;その他,13,外国人材;EPA;Jepang;pekerja;JFT-Basic,,日本語概要: インドネシア発の日本就労・外国人材関連情報です。 / 原文抜粋: Disnakertrans Sulsel: Kehadiran JFT-Basic di Makassar Kurangi Beban Biaya Calon Pekerja k…
12,育成就労制度で変わる農業現場 転籍解禁と日本語教育確保が新たな課題に,https://news.google.com/rss/articles/CBMihgFBVV95cUxOMmJkbVNEZUdZd0Jfb244MFlFM3E5TVJnWUR0WFNadmVCdUt6NDhmYm84NTJ0Zzhab1h6LTV0VFNRWDZqY0tmTllHUi00LWpSRE9aQ2xLbmQyQXUwOFdlTVZrRUhnWTlEZl9xY2s0SkxTZzM4dTl4emhRdHh1cmYzVkktUXgyZw?oc=5,Google News: 育成就労 日本語,google_news,,2026-06-17T07:00:00+00:00,2026-07-01T00:07:41.386837+00:00,ニュース（外国人・ビザ）,ニュース（日本語教育）;ニュース（外国人・ビザ）,8,日本語教育;育成就労,,育成就労制度で変わる農業現場 転籍解禁と日本語教育確保が新たな課題に projectdesign.jp
11,【無料セミナー】「特定技能（1号、2号）」試験、まずは何を支援する？,https://news.google.com/rss/articles/CBMiVEFVX3lxTFBROTZkZmRPaEM5MGh4WV84ZzR5UlFJU3ZLODRXQ3Jrc3l1UmhJRnRrX01VcE05WXpsWTY3a0xkMV9LMHo2c2YyZ05yMEhXSVBydTlQTQ?oc=5,Google News: 特定技能 日本語教育 支援,google_news,,2026-06-17T08:00:43+00:00,2026-07-01T00:07:41.386784+00:00,ニュース（外国人・ビザ）,ニュース（外国人・ビザ）,4,特定技能,,【無料セミナー】「特定技能（1号、2号）」試験、まずは何を支援する？ ニコニコニュース
9,入学前教育を通じて、意欲的な入学者の受け入れと専門職人材の輩出を目指す―新潟医療福祉大学,https://news.google.com/rss/articles/CBMifEFVX3lxTFBKcUs1S2ZBUWk1cG9VNHc1ZkNaSEEya2tlNU82cF9tV2s5elVRS2ZOU0xOdUQ3TUZFV2ROOXZSX24tLUFweDJDVzdkYVdqQmFIcllFXzVFUkFReTFzUEtJNmduVXhwaDgyV0h6cW0wODNOUWpVSmN1YmZFTEc?oc=5,Google News: 日本語学校 入学前教育,google_news,,2026-06-23T09:17:25+00:00,2026-07-01T00:07:41.386741+00:00,ニュース（日本語教育）,ニュース（日本語教育）;その他,5,入学前教育,,入学前教育を通じて、意欲的な入学者の受け入れと専門職人材の輩出を目指す―新潟医療福祉大学 Between情報サイト
176,Zenken、静岡県より令和8年度「外国人介護人材マッチング支援事業」を受託 - at-s.com,https://news.google.com/rss/articles/CBMiZkFVX3lxTE1ESHpBblZWejlCSW1qNmxHZ2hIRE53b1Zlakg3bF9ETkxXY0N0ck5hbXRrSVM3bkhRUEM1Y1U1d09VS1RaTG9iNEFMX3pUV0U3MFc0T21ONGo0ZllSc0VyWC1PQW5pUQ?oc=5,Google News: 日本語教育 委託事業,google_news,,2026-06-17T07:00:00+00:00,2026-07-01T00:07:41.386585+00:00,ニュース（日本語教育）,ニュース（日本語教育）;その他,7,外国人介護人材;介護人材,,Zenken、静岡県より令和8年度「外国人介護人材マッチング支援事業」を受託 at-s.com
174,岐阜県多文化共生推進補助金,https://www.pref.gifu.lg.jp/dx-support/437476.html,岐阜県 多文化共生補助金,page,,2026-04-01T00:00:00+00:00,2026-06-30T00:05:40.243255+00:00,公募・補助金・プロポーザル,公募・補助金・プロポーザル,8,補助金;補助,,"Source page: https://www.pref.gifu.lg.jp/dx-support/437476.html / 上限 2,000千円(ハード事業) 500千円（ソフト事業）。"
184,"Lao động đi nước ngoài giảm mạnh, Bộ Nội vụ nêu 3 nguyên nhân chính",https://news.google.com/rss/articles/CBMirgFBVV95cUxQNmhPdTM1Vlp5S1NWQllUaEZKbEFCYWVkQWJfckU5bEU0QlVKcDRXWHc2NU52dWtFYzFYUm55ZDdJNHZVRERqV0RSUlNpNWhTWGdnQmUyYl9ScFBpTVk3S09kVnRPaEppTXNLSEV0QW9fdkdHVXdCSUlQZzFmLVdVZzR5OGVpODZHTTdyTHY0SGNyajRYLVYxSDhmTEV6NHAtOXdxMU9yX3ZMblVKcFE?oc=5,Google News: Vietnam: Japan workers,google_news,ベトナム,2026-06-22T01:36:23+00:00,2026-06-30T00:05:40.242715+00:00,ニュース（外国人・ビザ）,ニュース（外国人・ビザ）;その他,6,外国人材;lao động,,"日本語概要: ベトナム発の日本就労・外国人材関連情報です。 / 原文抜粋: Lao động đi nước ngoài giảm mạnh, Bộ Nội vụ nêu 3 nguyên nhân chính Lao động đi nước ngoà…"
3,上智大×板橋区、外国につながる子供の日本語教育支援,https://news.google.com/rss/articles/CBMiZkFVX3lxTFA0M2dWMTdlM3kzWEU3VGhTQUhwUmVmbmFjU052QWVQQklXYkFUdnJpanA5UVlKWlFKYkxQT3pDNWpPc3VwdWtoX1hyWTQxa3E3WWdJVHhqTmFqUDZLeV83cXJSQVhndw?oc=5,Google News: 日本語教育 補助金,google_news,,2026-06-16T07:00:00+00:00,2026-06-30T00:05:40.242278+00:00,ニュース（日本語教育）,ニュース（日本語教育）,4,日本語教育,,上智大×板橋区、外国につながる子供の日本語教育支援 リセマム
8,東川国際文化福祉専門学校、国認定の「日本語教育機関」に 北海道内初,https://news.google.com/rss/articles/CBMiWkFVX3lxTFBCZVc5RjZWVjlNdkItSzZOVVMzaFRhSmlMRzdURTFIZmY1RTZYY1dQbGpoVlY0NWdnUWNQYmg2WlRqZ3ktdTlmaXcxR1RVT1VYTGxjOUJLSEN5dw?oc=5,Google News: 認定日本語教育機関 留学生,google_news,,2026-06-17T07:00:00+00:00,2026-06-29T09:37:10.847422+00:00,ニュース（日本語教育）,ニュース（日本語教育）;その他,4,日本語教育,,東川国際文化福祉専門学校、国認定の「日本語教育機関」に 北海道内初 北海道新聞デジタル
152,外国人材の獲得へ広がる「MOU」 海外政府や企業、大学と協力する約束、都道府県と政令市の4割超が締結,https://news.google.com/rss/articles/CBMiU0FVX3lxTE5oSUJmRnB6UFI1X1hLZEVxdDhQQ1p1YlN0dG44cFpKSVF5VW50MjZBQU1MTWVNdW9SVGtTN2dGMGNOVjB4UHNKSmdPcUVlU0pUVUNr?oc=5,Google News: 外国人材 補助金 自治体,google_news,,2026-06-15T07:00:00+00:00,2026-06-29T06:39:26.794380+00:00,ニュース（外国人・ビザ）,ニュース（外国人・ビザ）;その他,3,外国人材,,外国人材の獲得へ広がる「MOU」 海外政府や企業、大学と協力する約束、都道府県と政令市の4割超が締結 東京新聞デジタル
10,在留外国人410万人突破、特定技能拡大の裏で深刻化する「言葉の壁」に一手。飲食特化型教育『GF Academy』、1on1レッスンのアジア4カ国語拡充＆動画教材を新設！ | Ｇ－ＦＡＣＴＯＲＹ株式会社のプレスリリース,https://news.google.com/rss/articles/CBMiakFVX3lxTE1ZOXM4dFFEZ1kyOWpvS0lYdGJxdHNla1dsZ25hWmY0V0dUY2ZJVV9iVW12SURPMTlRcEZqM3VYekxXS1BNYXQwQ3FBT0tqVTRkbWZEMWx1R3ZiNjM2NzlqWjlfQkxsYjZyanc?oc=5,Google News: 特定技能 日本語教育 支援,google_news,,2026-06-15T07:00:00+00:00,2026-06-29T06:39:26.785146+00:00,ニュース（外国人・ビザ）,ニュース（外国人・ビザ）,4,特定技能,,在留外国人410万人突破、特定技能拡大の裏で深刻化する「言葉の壁」に一手。飲食特化型教育『GF Academy』、1on1レッスンのアジア4カ国語拡充＆動画教材を新設！ | Ｇ－ＦＡＣＴＯＲＹ株式会社のプレスリリース PR TIMES
